{"Bundle":"aec80fed5688ba2e23645633eeca593b","Resource":{"drawable-hdpi":["node_modules_reactnavigation_src_views_assets_backicon.png"],"drawable-mdpi":["node_modules_reactnavigation_src_views_assets_backicon.png","js_img_activitybegin_2_hb_19.png","res_images_tbg_01.png","js_img_activitysix_wp_05.png","js_img_activitysix_wp2_15.png","res_images_afn_big_task.png","res_images_afn_refund_plan.png","js_img_activitybegin_0_bt_27.png","js_img_activitybegin_x_bg_35.png","js_img_activitybegin_yh_11.png","js_images_my_nortab.png","res_images_account_sign.png","js_img_activitysix_fb_03.png","js_img_activitybegin_2.png","js_images_homepage_icon_lift.png","res_images_afn_big_cash_award.png","res_images_afn_invitefriends.png","js_img_activitybegin_yh_03.png","js_images_home_nortab.png","js_img_activitybegin_yh_07.png","js_img_activitysix_hdsm_27.png","res_images_afn_big_coupon.png","res_images_afn_setting.png","js_img_activitysix_fg_23.png","js_images_tab_shop_nortab.png","js_img_activitybegin_0_bt_23.png","res_images_afn_message.png","js_img_activitybegin_time.png","res_images_afn_member.png","res_images_bt_08.png","js_img_activitybegin_x_bg_3_35.png","res_images_home_normal.png","js_img_mine_icon_userreview_defaultavatar.png","js_images_goodlife2.png","res_images_afn_trading_record.png","js_images_3.jpg","res_images_jffb_btn.png","res_images_more_selected.png","js_images_kccf.png","res_images_bigtrun.png","js_img_activitybegin_x_bg_1_35.png","js_img_activitysix_bg_01.png","js_img_activitybegin_1.png","res_images_invest_normal.png","res_images_wealth_normal.png","js_img_activitybegin_x_bg_4_35.png","res_images_invest_selected.png","js_img_activitybegin_4_b_2_43.png","js_img_activitysix_wp_12.png","js_img_activitysix_wp1_19.png","res_images_afn_my_invest.png","res_images_shine2.png","js_images_goodlife1.png","res_images_kscj_03.png","js_img_activitybegin_4_bg_43.png","js_img_activitybegin_bg.png","res_images_jffb_bg.png","js_img_activitybegin_4_b_2_47.png","js_img_activitybegin_x_bg_2_35.png","js_images_goodlife3.png","res_images_wealth_selected.png","js_img_activitybegin_0_bg_2.png","js_images_liu.png","js_img_activitysix_wp_02.png","js_images_2.jpg","js_images_homepage_icon_right.png","js_img_activitybegin_0_p_27.png","js_img_activitysix_y2_03.png","js_img_activitysix_zb_02.png","res_images_fan_yj.png","js_img_activitysix_wp_18.png","js_images_4.jpg","js_img_activitysix_wp1_11.png","js_img_activitybegin_z_03.png","js_img_activitybegin_0_bg_1.png","res_images_more_normal.png","js_images_1.jpg","res_images_fan_kf.png","js_img_activitybegin_xiang_39.png","res_images_ac_5_shop_b_regularmber.png","res_images_shine1.png","js_img_activitysix_bjb_25.png","js_img_activitybegin_c_bg_50.png","js_img_activitysix_y1_03.png","res_images_afn_big_bbin.png","res_images_afn_ai_invest.png","js_img_activitybegin_arrow_19.png","js_img_activitybegin_8.png"],"drawable-xhdpi":["node_modules_reactnavigation_src_views_assets_backicon.png"],"drawable-xxhdpi":["node_modules_reactnavigation_src_views_assets_backicon.png"],"drawable-xxxhdpi":["node_modules_reactnavigation_src_views_assets_backicon.png"]}}